Hours_Studied,Attendance,Previous_Scores,Sleep_Hours,Extracurricular_Activities,Internet_Access,Parental_Education,Study_Hours_Per_Week,Final_Score
5.99,96.79,54.87,3.64,No,Yes,Graduate,43.75,43.7
4.72,91.1,62.83,5.21,Yes,Yes,High School,35.31,48.08
6.3,80.72,53.11,5.88,No,Yes,Graduate,43.04,48.86
8.05,72.24,60.38,9.33,No,Yes,High School,57.69,46.51
4.53,88.38,36.6,7.33,No,Yes,Graduate,34.5,44.38
4.53,84.72,68.2,4.5,Yes,Yes,Graduate,35.3,49.94
8.16,90.74,65.02,7.23,No,Yes,Graduate,56.62,59.68
6.53,87.62,52.74,4.18,No,Yes,Graduate,41.14,43.8
4.06,92.59,74.89,8.12,Yes,Yes,High School,26.79,45.49
6.09,73.58,79.06,5.79,Yes,No,Graduate,41.74,47.4
4.07,95.81,40.89,6.36,No,Yes,Graduate,27.99,42.44
4.07,82.37,53.56,8.49,Yes,Yes,Graduate,28.1,45.55
5.48,100.0,53.46,4.57,Yes,Yes,Graduate,40.63,46.47
1.17,71.73,50.9,4.4,No,Yes,High School,10.76,25.33
1.55,100.0,77.44,5.62,No,No,Graduate,10.51,46.54
3.88,82.37,62.09,8.06,Yes,Yes,Graduate,29.32,53.74
2.97,72.18,61.03,4.22,No,Yes,High School,21.54,38.84
5.63,74.19,34.94,3.0,Yes,Yes,High School,39.53,37.94
3.18,76.16,74.53,5.82,Yes,Yes,High School,24.1,46.07
2.18,85.09,46.41,7.33,Yes,No,Postgraduate,15.37,41.73
7.93,86.27,65.9,8.3,No,Yes,Graduate,59.63,56.73
4.55,73.12,69.16,5.81,Yes,Yes,High School,28.96,45.69
5.14,79.71,85.41,5.88,Yes,Yes,High School,34.92,49.31
2.15,100.0,45.37,8.23,No,Yes,Graduate,14.8,39.1
3.91,100.0,30.0,3.7,No,Yes,Postgraduate,28.26,38.89
5.22,85.24,67.76,5.92,Yes,No,High School,39.09,46.2
2.7,80.46,92.01,6.79,No,Yes,High School,18.84,46.52
5.75,81.44,83.58,7.17,Yes,No,Postgraduate,37.42,55.31
3.8,87.36,68.14,5.74,No,Yes,High School,28.28,45.49
4.42,67.73,57.63,6.55,No,Yes,High School,32.43,42.37
3.8,76.91,77.11,3.0,No,Yes,Postgraduate,22.69,51.09
8.7,59.98,50.4,5.51,Yes,No,Graduate,60.92,43.88
4.97,84.79,72.15,7.18,Yes,Yes,High School,31.63,44.12
2.88,87.77,72.58,5.03,Yes,Yes,High School,18.86,43.39
6.65,74.2,80.9,6.59,Yes,Yes,High School,44.71,51.31
2.56,98.89,100.0,7.17,Yes,Yes,High School,19.53,47.84
5.42,65.29,70.89,5.99,No,Yes,Postgraduate,38.16,52.49
1.08,62.43,57.37,6.76,No,No,Graduate,4.99,33.97
2.34,82.69,64.62,5.06,No,No,Graduate,18.17,40.89
5.39,92.57,38.46,6.19,No,Yes,Postgraduate,34.89,49.34
6.48,100.0,54.58,7.42,No,No,Graduate,46.0,45.93
5.34,74.49,58.86,6.74,No,Yes,High School,35.77,44.51
4.77,92.94,57.14,5.62,Yes,Yes,Graduate,32.65,46.76
4.4,79.54,67.29,6.84,No,Yes,Postgraduate,31.79,47.62
2.04,77.93,52.66,7.57,No,Yes,Postgraduate,15.34,38.58
3.56,90.6,81.82,3.43,No,No,High School,27.6,49.61
4.08,87.83,65.0,8.24,No,Yes,Graduate,28.39,46.23
7.11,61.08,64.86,6.0,Yes,Yes,Graduate,50.41,49.78
5.69,97.72,60.08,7.14,Yes,Yes,Postgraduate,38.94,46.71
1.47,96.56,67.33,8.3,No,Yes,High School,10.68,47.7
5.65,72.49,77.38,4.44,Yes,Yes,Graduate,40.42,52.73
4.23,84.75,51.99,5.44,No,No,Postgraduate,29.41,42.43
3.65,85.93,55.13,6.07,No,No,Graduate,21.92,39.71
6.22,83.13,60.44,5.32,No,No,Graduate,44.23,46.17
7.06,73.4,44.81,9.1,No,Yes,High School,50.16,51.18
6.86,71.94,52.71,5.21,Yes,Yes,High School,46.68,37.05
3.32,79.69,57.86,5.67,Yes,Yes,High School,20.68,43.44
4.38,94.07,78.12,6.81,No,Yes,Postgraduate,33.62,50.22
5.66,86.52,68.94,4.7,No,Yes,High School,40.62,46.07
6.95,75.55,67.9,5.91,No,No,Graduate,48.2,45.93
4.04,89.26,77.76,6.98,Yes,Yes,Graduate,26.02,49.88
4.63,45.82,62.94,6.0,Yes,Yes,High School,30.76,38.23
2.79,93.79,70.86,6.36,No,Yes,Graduate,22.12,42.75
2.61,59.12,63.45,5.71,Yes,Yes,Graduate,18.53,43.1
6.63,75.65,68.98,4.23,No,Yes,Postgraduate,45.27,43.32
7.71,66.56,56.26,6.98,Yes,No,Graduate,55.01,47.59
4.86,64.46,30.0,9.13,No,Yes,Graduate,32.36,35.56
7.01,93.93,62.99,6.53,No,No,High School,52.05,43.13
5.72,74.39,86.34,6.84,No,Yes,Postgraduate,42.77,54.78
3.71,84.16,78.89,7.54,Yes,Yes,High School,25.04,43.1
5.72,79.44,79.48,4.6,No,Yes,Graduate,38.8,49.74
8.08,85.72,83.54,9.05,No,No,High School,51.3,49.26
4.93,80.92,66.33,6.8,No,No,Postgraduate,31.54,48.58
8.13,64.6,67.96,8.95,No,Yes,Graduate,54.23,47.7
0.0,91.96,55.74,5.4,No,Yes,Graduate,0.27,36.15
6.64,74.07,60.26,9.23,No,Yes,High School,45.85,47.55
5.17,61.32,74.24,7.66,No,Yes,Graduate,33.53,43.75
4.4,74.86,83.06,7.33,Yes,No,Graduate,30.25,48.66
5.18,98.01,62.91,6.85,Yes,Yes,Graduate,37.3,45.64
1.02,90.2,58.25,6.13,Yes,Yes,High School,8.23,41.63
4.56,75.82,65.01,8.3,No,Yes,Postgraduate,28.13,54.51
5.71,75.81,74.02,6.71,No,Yes,Postgraduate,39.74,60.97
7.96,76.14,43.34,3.55,No,Yes,High School,52.92,41.1
3.96,100.0,30.56,4.82,Yes,Yes,Postgraduate,29.55,44.93
3.38,84.58,56.74,6.22,Yes,Yes,Graduate,25.25,37.64
4.0,85.16,46.69,6.96,No,Yes,Graduate,26.18,46.83
6.83,92.36,57.38,6.42,No,Yes,High School,46.28,50.05
5.66,82.87,62.78,8.33,Yes,No,Graduate,38.68,46.23
3.94,76.89,58.2,3.57,No,Yes,Graduate,23.08,44.82
6.03,77.64,86.79,6.72,Yes,Yes,Graduate,42.86,53.54
5.19,79.14,69.9,3.77,Yes,Yes,Graduate,35.81,45.61
6.94,79.55,69.51,7.64,No,Yes,Graduate,50.5,52.85
3.6,88.73,74.33,6.36,Yes,Yes,Graduate,22.97,45.61
4.34,80.62,47.92,7.13,No,Yes,High School,29.17,43.21
4.22,88.79,80.59,5.2,Yes,Yes,Postgraduate,26.5,49.42
2.07,79.03,63.86,8.42,Yes,No,Graduate,12.5,38.39
5.59,80.94,75.06,8.06,Yes,Yes,High School,36.78,47.13
5.52,56.02,48.92,7.38,No,Yes,High School,40.65,40.21
5.01,91.0,41.69,6.31,No,Yes,Graduate,33.68,40.31
4.53,84.16,77.27,7.37,No,Yes,Postgraduate,31.96,47.38
2.17,91.98,70.65,5.44,Yes,Yes,High School,14.42,41.93
4.16,45.24,51.47,7.78,Yes,No,Graduate,26.57,35.77
4.31,100.0,51.96,8.97,No,Yes,High School,29.87,41.12
3.4,78.32,81.88,8.11,No,Yes,Graduate,24.97,44.84
4.68,93.3,47.16,5.41,No,Yes,Postgraduate,30.33,52.56
5.81,67.52,89.64,7.04,Yes,Yes,Graduate,42.27,50.24
8.77,87.35,51.49,4.56,No,Yes,High School,59.71,45.57
5.35,67.36,74.58,7.36,No,Yes,Graduate,36.48,46.36
5.52,72.51,60.07,7.18,Yes,Yes,High School,39.67,42.95
4.85,100.0,74.05,3.7,No,Yes,Graduate,32.63,52.07
1.16,77.71,56.84,4.76,Yes,Yes,Graduate,8.21,41.56
4.95,82.61,62.56,6.08,No,No,Graduate,34.0,42.68
5.12,90.44,65.61,6.05,No,Yes,High School,36.1,41.79
9.93,85.95,49.97,4.69,No,No,Postgraduate,64.72,54.51
4.62,81.81,76.11,7.08,No,No,Graduate,28.65,46.8
5.6,84.38,57.3,6.88,Yes,Yes,High School,40.45,51.8
4.93,100.0,61.57,6.21,No,Yes,Graduate,36.59,40.86
2.66,79.31,50.08,5.37,Yes,Yes,Graduate,16.82,40.29
7.29,82.41,30.0,8.07,Yes,Yes,Graduate,50.51,50.96
6.5,92.61,62.13,8.98,No,Yes,Graduate,46.12,50.7
6.58,93.27,100.0,5.77,No,No,Graduate,47.46,56.31
3.18,94.24,76.77,5.58,No,No,High School,18.21,45.14
7.81,87.66,64.71,7.24,Yes,Yes,Postgraduate,52.87,54.03
2.2,66.28,61.06,5.96,No,Yes,Graduate,14.71,37.22
6.17,99.6,65.34,6.29,No,Yes,High School,44.62,48.27
9.38,66.24,73.21,7.61,Yes,No,Graduate,70.66,50.61
3.02,83.63,47.29,3.64,Yes,Yes,Postgraduate,20.68,45.42
3.87,70.95,81.71,8.48,Yes,Yes,Postgraduate,24.26,53.64
5.2,79.23,75.73,6.61,Yes,Yes,High School,37.2,49.43
3.99,83.95,75.77,5.88,No,Yes,High School,30.59,48.45
1.9,83.86,71.58,6.37,No,No,Graduate,13.51,40.77
5.14,85.06,65.29,6.44,No,Yes,High School,34.15,42.7
2.88,99.36,75.09,3.9,No,Yes,Postgraduate,22.04,47.14
5.95,85.44,73.88,8.74,Yes,No,High School,42.96,49.74
3.16,77.07,59.69,6.56,No,Yes,High School,20.08,35.97
8.1,91.57,56.4,7.16,No,Yes,Graduate,57.46,49.78
3.43,94.27,66.53,7.93,No,Yes,High School,26.03,43.93
4.36,65.27,88.24,4.97,Yes,Yes,Graduate,32.85,56.26
6.63,87.17,46.41,7.21,No,Yes,Graduate,46.26,36.37
2.54,88.41,42.99,6.1,Yes,Yes,High School,17.05,37.05
5.45,76.43,67.47,7.77,Yes,Yes,High School,40.64,53.29
7.61,96.51,65.76,3.31,No,Yes,Graduate,50.88,51.67
1.79,78.2,67.6,6.35,Yes,No,High School,13.37,41.48
5.37,81.51,68.66,5.6,No,No,Graduate,34.84,45.72
5.52,77.92,61.65,7.15,No,Yes,Graduate,40.77,44.11
6.56,80.19,87.35,7.21,No,Yes,Graduate,45.43,46.94
2.53,66.84,40.99,5.44,Yes,Yes,Postgraduate,20.22,37.86
2.36,62.72,52.57,5.43,Yes,Yes,Postgraduate,17.5,36.28
6.04,99.13,63.45,6.33,Yes,No,Postgraduate,39.86,49.43
5.59,69.84,40.35,5.16,No,Yes,High School,42.01,34.68
5.5,68.1,62.36,7.76,Yes,Yes,High School,41.61,50.71
5.69,54.16,89.92,5.95,Yes,Yes,High School,41.61,56.36
3.64,72.33,65.31,3.0,Yes,Yes,Postgraduate,23.96,44.83
5.46,64.12,68.46,5.94,Yes,Yes,Postgraduate,37.64,46.64
5.59,99.7,46.1,4.94,No,Yes,Postgraduate,39.39,42.98
3.57,92.12,55.75,4.05,No,No,High School,23.59,39.76
8.73,71.74,59.37,4.64,Yes,No,Postgraduate,64.51,55.64
5.95,100.0,60.23,6.66,No,Yes,Graduate,41.92,49.42
2.62,91.78,84.22,8.49,No,Yes,High School,12.92,40.45
6.31,76.1,73.37,6.97,No,No,Graduate,44.87,50.34
3.05,50.01,48.33,5.59,No,Yes,High School,20.66,34.75
6.57,100.0,68.7,7.18,No,Yes,Graduate,45.87,48.13
7.32,63.33,72.47,5.81,No,Yes,High School,50.48,46.89
3.36,60.26,82.1,5.46,Yes,No,Graduate,25.12,44.73
6.93,92.27,88.71,4.77,No,Yes,Graduate,50.73,55.83
5.83,100.0,49.77,3.87,No,Yes,Postgraduate,41.35,44.91
6.64,96.61,52.84,5.92,Yes,No,Graduate,45.83,51.28
8.79,86.77,46.14,6.74,Yes,No,Graduate,61.47,46.83
4.51,87.14,61.49,6.36,No,No,Postgraduate,31.6,40.71
3.49,90.24,72.0,5.88,No,Yes,Postgraduate,22.84,42.05
3.22,89.11,79.81,5.08,No,Yes,High School,23.7,50.18
3.37,83.37,63.86,7.41,No,Yes,Graduate,24.5,46.97
4.85,81.25,60.2,4.52,No,No,High School,37.0,39.91
5.68,79.25,67.28,7.66,No,Yes,High School,42.29,45.03
5.55,70.95,52.47,5.0,No,Yes,Graduate,37.5,39.67
6.65,76.63,96.34,5.37,No,No,Postgraduate,48.22,51.46
5.03,59.68,40.89,4.3,No,Yes,High School,33.28,31.8
7.91,78.82,67.77,5.75,No,Yes,Postgraduate,56.74,45.48
4.47,68.14,95.35,7.96,Yes,Yes,Postgraduate,30.26,52.87
10.44,66.76,65.1,7.27,No,Yes,Postgraduate,71.04,54.01
6.25,82.16,62.15,7.97,No,Yes,High School,44.32,49.04
3.29,96.7,59.64,7.28,Yes,Yes,Postgraduate,17.65,49.25
2.86,91.02,62.29,4.84,No,Yes,High School,16.51,43.87
5.96,61.15,85.59,6.0,No,Yes,Graduate,41.4,53.98
4.55,68.12,31.82,5.33,Yes,Yes,High School,32.04,37.66
6.43,91.29,88.0,8.5,No,Yes,High School,44.26,57.13
5.95,68.21,43.64,4.7,No,No,Graduate,38.47,37.22
4.85,77.3,61.0,7.84,No,Yes,Graduate,32.34,42.2
3.31,86.6,58.56,7.84,Yes,Yes,High School,23.93,46.17
1.97,68.38,73.83,9.24,No,No,High School,14.96,45.44
4.11,81.26,41.03,5.89,No,Yes,Graduate,28.72,40.12
6.71,63.99,71.93,7.57,Yes,No,High School,49.3,52.57
5.43,72.78,95.36,9.92,No,No,Postgraduate,38.79,50.27
2.51,83.84,44.55,5.57,No,Yes,High School,16.06,31.41
5.35,60.88,67.85,4.2,Yes,No,High School,36.86,42.84
5.77,85.29,55.07,3.68,No,Yes,High School,37.59,42.9
3.23,79.76,71.39,7.57,No,Yes,Graduate,22.41,50.52
5.31,86.63,65.29,3.68,Yes,Yes,High School,39.38,45.35
5.12,82.69,55.38,5.94,Yes,Yes,High School,37.19,40.54
2.71,96.37,72.32,7.16,Yes,No,Postgraduate,21.8,48.62
5.72,81.5,92.07,6.78,Yes,Yes,Graduate,39.4,50.6
6.12,74.85,62.14,7.14,No,Yes,High School,45.54,40.9
7.17,81.47,75.8,6.83,No,Yes,Graduate,49.78,56.25
7.11,86.52,45.6,8.42,Yes,Yes,Postgraduate,52.7,53.91
2.24,80.59,50.65,5.07,Yes,Yes,High School,15.67,38.29
3.12,80.49,72.09,5.48,Yes,Yes,High School,23.28,37.87
6.03,71.58,87.26,5.34,No,No,Graduate,45.16,47.78
6.03,72.05,70.33,7.75,Yes,Yes,Graduate,41.81,45.86
6.03,63.17,60.3,7.85,No,No,Graduate,42.65,46.83
12.0,100.0,64.99,7.18,No,Yes,High School,86.58,56.98
6.14,65.07,46.24,8.28,Yes,No,High School,42.73,35.57
7.27,71.69,74.07,4.73,No,Yes,Graduate,48.26,49.51
6.91,71.38,78.23,9.0,No,Yes,High School,52.64,48.46
6.3,90.74,58.22,8.78,No,Yes,Graduate,43.18,55.39
4.37,76.46,57.95,7.6,No,No,Graduate,30.9,39.16
6.52,94.97,68.99,9.17,Yes,Yes,High School,47.94,48.58
3.45,71.92,58.45,4.02,Yes,No,Postgraduate,22.96,33.1
4.53,83.35,64.01,5.71,No,Yes,Postgraduate,29.67,47.43
4.03,69.98,96.5,5.4,Yes,Yes,Graduate,28.71,49.5
5.16,100.0,61.29,7.58,Yes,Yes,High School,32.56,44.28
9.63,65.75,59.62,4.92,Yes,No,High School,66.83,49.95
1.27,83.72,55.29,7.64,Yes,Yes,Graduate,9.35,43.43
6.37,87.61,76.16,8.56,No,No,High School,44.07,49.69
1.77,84.97,62.28,7.54,Yes,No,Postgraduate,9.34,48.52
4.06,77.78,55.26,6.93,No,Yes,High School,31.58,42.66
7.18,78.44,84.82,5.02,No,Yes,Graduate,50.45,50.39
5.13,80.53,86.29,5.23,No,Yes,High School,38.76,45.26
2.84,78.24,55.99,8.37,Yes,Yes,Graduate,19.39,46.12
3.57,91.57,37.0,7.67,No,No,High School,23.23,37.34
6.36,100.0,80.11,6.44,Yes,Yes,Graduate,45.05,57.62
3.54,73.31,54.73,5.87,No,Yes,High School,24.34,34.94
5.43,63.56,76.86,3.46,No,No,Postgraduate,35.67,47.07
5.09,78.94,35.45,4.89,No,Yes,High School,38.58,33.22
3.7,100.0,78.39,9.37,No,Yes,Postgraduate,24.63,54.9
9.29,70.36,46.83,4.58,No,Yes,Postgraduate,61.33,52.66
6.27,99.67,75.96,6.78,Yes,Yes,High School,46.53,51.64
0.95,100.0,65.21,8.01,No,Yes,Graduate,5.64,39.24
5.37,73.36,50.69,4.62,No,No,High School,36.39,33.08
3.68,86.83,58.89,6.78,Yes,Yes,Postgraduate,22.2,51.21
6.7,99.54,75.29,7.91,No,Yes,Graduate,50.42,56.82
3.41,75.45,66.59,6.52,No,Yes,High School,21.33,40.99
4.77,77.56,73.77,10.0,No,Yes,High School,33.51,46.31
6.01,73.02,94.65,4.0,No,Yes,High School,43.9,51.82
6.73,67.82,41.54,8.09,No,No,Postgraduate,47.96,39.3
2.6,72.21,89.26,6.24,Yes,Yes,High School,18.08,47.45
4.33,65.31,66.57,7.66,No,Yes,Graduate,26.91,41.41
4.05,80.41,51.52,7.16,Yes,Yes,Graduate,26.73,40.4
3.69,70.76,45.05,5.4,No,Yes,Postgraduate,26.23,36.96
8.53,82.81,62.16,6.84,Yes,Yes,High School,58.14,49.84
5.81,61.33,78.82,3.71,Yes,Yes,Graduate,41.08,47.02
2.48,83.97,63.09,7.4,No,Yes,Graduate,18.71,44.18
6.84,90.0,87.67,6.95,No,Yes,Graduate,49.78,43.91
9.24,56.08,43.23,7.46,Yes,Yes,High School,62.26,40.54
7.06,84.49,64.82,8.09,No,Yes,High School,53.85,47.94
1.96,94.73,46.21,7.05,Yes,No,High School,15.26,42.52
4.03,65.48,70.45,6.72,Yes,Yes,Graduate,28.22,41.46
7.53,100.0,78.3,5.18,No,Yes,High School,54.92,54.58
3.58,85.03,58.69,5.43,No,Yes,Graduate,29.82,48.01
5.89,71.54,30.0,8.28,Yes,Yes,High School,38.34,33.64
6.55,79.33,67.98,8.65,Yes,Yes,Postgraduate,45.39,55.76
3.15,86.7,71.55,6.14,Yes,Yes,Postgraduate,17.27,46.74
4.88,80.91,71.06,6.57,Yes,Yes,Graduate,34.55,47.52
0.0,86.47,83.54,5.14,No,Yes,High School,0.73,38.49
2.95,68.95,48.93,8.26,No,Yes,High School,20.58,33.92
4.49,82.03,75.2,7.5,Yes,Yes,High School,30.15,57.98
2.5,63.04,82.89,9.41,No,Yes,High School,13.43,46.84
8.26,78.67,38.32,5.18,No,Yes,Graduate,58.6,47.57
2.14,69.15,69.79,5.93,Yes,Yes,Graduate,17.89,43.97
4.12,71.17,57.44,6.85,No,Yes,Postgraduate,27.66,38.34
5.26,94.83,63.78,7.47,No,Yes,High School,37.71,49.04
7.88,93.1,70.22,6.18,Yes,Yes,Graduate,52.04,59.31
2.13,87.31,57.69,5.19,Yes,No,Graduate,15.81,36.84
7.33,66.89,54.86,7.82,No,Yes,Graduate,50.5,49.48
5.02,76.2,65.51,7.58,No,Yes,High School,33.62,46.99
3.04,94.56,48.69,5.13,Yes,Yes,Graduate,19.74,48.82
5.92,81.7,48.71,8.53,Yes,No,Graduate,40.68,43.37
5.4,100.0,75.19,8.26,No,Yes,Graduate,38.55,50.37
3.8,84.72,47.77,6.7,No,Yes,Postgraduate,23.97,42.11
5.14,82.3,74.99,6.62,No,Yes,High School,35.18,52.45
4.23,76.29,71.94,7.33,No,Yes,High School,29.52,38.32
5.23,81.6,39.11,5.21,Yes,Yes,Graduate,34.39,33.92
6.32,78.17,54.84,6.55,No,Yes,Graduate,47.86,45.95
8.17,88.5,82.91,3.27,No,No,High School,55.5,49.13
2.52,91.48,50.28,7.81,No,No,Graduate,16.33,39.81
9.27,70.57,58.03,4.16,Yes,Yes,Postgraduate,62.91,54.76
1.1,64.03,71.93,8.76,No,Yes,Postgraduate,11.27,41.01
4.7,57.97,76.75,6.0,No,No,High School,33.98,33.83
6.18,86.1,61.23,6.18,No,Yes,Postgraduate,41.36,57.36
5.56,66.76,56.04,5.56,No,Yes,Graduate,41.15,38.58
3.75,54.17,86.34,6.07,Yes,Yes,Graduate,26.68,42.55
4.58,84.66,91.08,8.63,No,Yes,Graduate,32.6,58.29
4.01,100.0,79.68,3.0,No,Yes,Postgraduate,27.41,50.26
3.82,79.93,66.28,8.42,No,Yes,Graduate,25.25,45.98
6.7,90.06,52.88,7.01,No,Yes,High School,47.57,47.73
5.71,80.98,52.54,4.69,No,Yes,Graduate,38.91,47.12
3.61,78.81,72.84,4.89,Yes,Yes,Graduate,28.93,45.06
6.8,91.03,71.28,9.01,No,Yes,High School,45.06,57.59
5.61,76.52,86.02,5.08,Yes,No,Postgraduate,42.37,44.79
6.63,83.21,74.76,4.77,Yes,Yes,Graduate,46.16,54.68
6.26,83.86,42.45,8.21,Yes,Yes,Graduate,44.41,43.12
3.34,71.98,80.78,7.01,No,No,High School,25.06,47.24
3.88,91.9,50.03,5.09,No,No,Graduate,25.9,40.48
6.49,77.9,59.24,6.82,No,Yes,High School,47.19,42.67
6.22,70.93,68.75,4.96,No,Yes,High School,38.13,46.73
4.96,86.44,94.94,8.15,No,Yes,Graduate,33.27,59.05
5.23,69.22,100.0,8.09,Yes,No,Graduate,34.79,56.09
7.56,80.34,74.1,7.3,No,No,Graduate,50.38,47.45
3.82,79.89,62.25,7.04,Yes,No,High School,26.29,39.75
6.09,93.03,73.02,9.14,Yes,Yes,Graduate,43.43,55.54
4.6,85.7,78.31,6.5,No,Yes,High School,33.57,47.77
4.56,79.7,60.19,4.73,Yes,Yes,Postgraduate,32.43,49.36
7.2,89.81,91.93,7.17,Yes,Yes,Graduate,49.05,52.89
6.65,96.68,68.45,9.63,No,Yes,Graduate,47.29,56.04
6.63,86.69,72.47,4.98,No,Yes,High School,46.64,47.7
7.61,80.12,74.99,5.96,No,Yes,High School,55.15,47.45
5.04,64.26,71.32,7.12,No,Yes,Postgraduate,36.85,45.17
6.36,67.22,77.58,6.42,No,Yes,High School,44.61,46.41
4.38,76.34,55.74,5.03,No,Yes,Graduate,28.86,28.87
5.65,72.69,56.63,8.18,Yes,Yes,Graduate,38.23,44.17
4.74,77.76,48.5,9.98,No,Yes,High School,32.08,38.81
5.19,80.68,71.59,6.79,No,No,Postgraduate,35.73,50.48
6.19,86.36,76.68,5.14,No,Yes,Graduate,43.87,48.41
3.36,79.15,71.87,4.18,No,No,High School,24.98,38.81
9.18,85.84,90.12,6.89,Yes,Yes,High School,64.19,64.96
2.99,80.77,64.92,8.16,Yes,Yes,High School,20.95,47.33
2.57,56.29,75.03,7.21,No,Yes,Postgraduate,18.29,46.7
7.32,68.73,48.62,6.5,Yes,Yes,Graduate,50.18,43.61
6.58,78.27,59.19,5.62,No,No,High School,44.23,44.17
6.25,65.48,75.43,4.86,Yes,Yes,High School,40.23,45.65
6.26,87.2,77.74,7.75,No,No,Graduate,42.41,50.78
4.98,98.37,60.59,7.87,No,Yes,Graduate,35.77,50.86
3.21,94.63,63.93,4.18,Yes,No,Graduate,21.03,41.5
5.15,77.44,42.23,8.88,Yes,Yes,High School,35.59,46.78
3.65,97.89,59.64,7.36,No,No,High School,26.45,41.95
6.95,81.78,78.36,8.6,No,Yes,Graduate,49.69,56.6
4.71,75.95,73.63,4.49,No,Yes,Postgraduate,30.78,53.11
3.35,72.64,72.51,4.45,Yes,Yes,High School,25.44,45.86
4.36,76.37,65.75,6.28,No,No,Graduate,32.76,37.75
5.83,75.34,65.11,7.25,No,Yes,Graduate,38.52,48.94
3.87,82.04,55.1,9.19,Yes,Yes,Graduate,25.46,48.83
3.36,81.93,75.48,7.56,No,No,High School,25.87,46.41
5.49,80.04,71.31,6.14,Yes,Yes,Postgraduate,38.12,48.03
5.49,85.24,72.38,4.96,Yes,Yes,Graduate,33.99,47.88
3.99,94.29,57.11,8.35,Yes,Yes,Graduate,25.1,51.55
4.06,91.39,32.7,5.05,Yes,Yes,High School,27.91,34.63
5.46,62.18,81.46,8.94,Yes,No,High School,35.92,45.86
2.1,49.35,57.82,6.07,No,No,High School,13.9,35.81
2.19,91.21,52.06,8.89,Yes,Yes,Graduate,15.36,43.73
3.56,63.6,75.4,7.52,Yes,No,High School,27.87,39.21
4.57,77.3,59.12,6.29,Yes,Yes,Graduate,31.43,41.99
5.62,65.96,80.9,5.72,No,Yes,High School,41.5,47.29
7.95,58.38,74.26,5.99,No,Yes,Graduate,58.51,44.38
6.72,86.5,75.25,7.14,No,Yes,Graduate,49.88,52.25
4.68,89.11,44.51,6.62,No,Yes,High School,33.33,41.6
4.96,73.08,83.18,5.61,No,No,High School,30.81,49.28
2.99,48.91,68.92,6.25,Yes,No,High School,21.89,38.17
4.96,73.45,59.46,6.62,No,Yes,Graduate,36.84,41.4
4.42,84.7,67.15,3.31,No,Yes,Graduate,30.8,48.72
5.65,62.25,38.36,7.19,No,Yes,High School,43.01,35.07
3.35,82.2,71.13,5.03,Yes,No,Graduate,25.14,39.66
6.04,79.82,49.56,4.77,No,No,High School,43.41,38.15
8.07,86.95,44.71,3.97,Yes,Yes,High School,58.63,49.9
4.78,81.43,42.16,3.81,No,No,High School,34.14,35.19
5.8,68.32,81.69,4.47,No,Yes,Postgraduate,35.64,50.38
6.38,94.36,55.56,5.44,Yes,Yes,High School,43.66,52.99
4.2,78.1,88.01,9.43,No,Yes,High School,31.78,45.38
5.45,79.67,56.96,5.71,Yes,Yes,High School,36.52,39.29
5.03,68.8,39.39,6.77,No,Yes,High School,34.73,30.61
5.2,74.68,48.25,7.1,No,Yes,Graduate,34.28,43.37
3.45,69.38,83.54,6.7,Yes,Yes,High School,27.75,46.7
5.05,77.92,62.66,6.38,Yes,Yes,High School,38.71,50.13
6.0,100.0,56.78,4.71,No,Yes,Graduate,40.2,48.99
7.9,63.54,67.4,8.68,Yes,Yes,High School,55.61,47.96
6.92,60.64,72.53,9.21,Yes,Yes,Graduate,47.07,51.09
9.31,97.65,81.76,3.98,Yes,No,Graduate,66.37,58.15
3.47,77.49,86.73,4.96,No,Yes,High School,25.28,39.87
6.74,71.97,59.6,6.08,No,Yes,Graduate,48.84,55.53
5.37,92.48,45.11,5.05,Yes,Yes,High School,38.23,44.36
9.38,72.73,58.8,7.26,Yes,No,Graduate,71.53,50.89
3.38,100.0,68.9,5.41,Yes,No,Graduate,21.63,49.03
3.32,88.14,50.54,9.75,Yes,Yes,High School,19.82,45.73
3.8,74.15,50.64,8.29,No,Yes,Graduate,25.82,40.74
0.75,100.0,70.16,6.82,No,No,Postgraduate,2.13,42.61
3.95,72.73,64.27,8.04,Yes,Yes,Postgraduate,24.65,49.98
3.48,88.91,65.49,8.16,Yes,Yes,Graduate,22.37,49.63
5.3,83.59,53.62,5.65,Yes,Yes,Graduate,35.26,42.65
5.68,95.62,61.54,5.28,No,Yes,High School,37.88,51.32
8.75,98.74,51.14,6.62,No,Yes,High School,62.3,51.05
6.9,80.38,78.35,7.79,No,Yes,Graduate,47.29,56.1
3.85,70.96,80.53,6.71,Yes,Yes,High School,26.56,51.14
3.2,85.52,37.31,4.13,Yes,No,Postgraduate,24.21,37.61
5.98,71.87,51.06,5.3,Yes,Yes,High School,40.35,42.62
2.36,100.0,42.55,6.39,Yes,No,High School,15.99,40.27
8.66,81.64,55.25,6.39,No,Yes,High School,61.37,45.2
7.36,75.62,63.75,9.46,No,Yes,Postgraduate,47.63,53.29
4.06,82.22,43.26,4.42,No,Yes,Graduate,23.66,38.97
1.57,63.83,51.17,7.26,No,No,Graduate,11.71,29.97
7.71,68.34,49.94,8.73,Yes,No,High School,54.94,51.69
4.77,94.4,68.11,9.91,No,Yes,Postgraduate,37.52,48.86
7.48,72.12,66.04,5.89,Yes,No,High School,52.65,41.29
1.81,67.44,54.17,7.24,Yes,Yes,Postgraduate,14.32,45.23
3.8,86.44,67.65,7.35,No,No,Graduate,26.22,47.3
5.01,94.23,56.8,6.79,Yes,Yes,High School,35.67,42.79
5.09,88.63,60.93,6.35,No,No,Graduate,38.99,46.95
4.1,91.95,90.1,7.15,Yes,Yes,Graduate,24.45,60.23
6.25,70.92,85.11,3.0,No,Yes,High School,44.55,46.97
2.86,62.94,45.51,7.52,No,Yes,Postgraduate,24.32,47.24
4.72,98.02,77.45,6.69,Yes,Yes,Graduate,33.57,47.64
5.24,76.13,77.17,6.17,No,Yes,High School,39.99,49.14
6.03,76.99,47.78,9.57,Yes,Yes,High School,40.94,48.74
6.42,95.94,77.28,5.49,No,Yes,Graduate,44.9,56.78
2.75,86.67,88.07,5.9,No,Yes,Graduate,19.32,48.59
1.93,85.47,48.16,9.49,No,Yes,Graduate,9.09,39.56
7.56,100.0,51.24,5.25,No,Yes,Graduate,50.55,51.12
5.66,72.28,80.26,5.67,Yes,No,Graduate,37.46,51.36
3.5,91.13,69.07,6.28,No,Yes,Postgraduate,26.17,51.07
8.1,80.68,73.27,7.76,No,Yes,Graduate,58.46,57.82
5.23,83.22,70.11,6.81,No,Yes,Postgraduate,37.27,47.3
7.36,98.34,70.86,4.56,Yes,Yes,High School,53.16,51.8
5.14,86.09,45.1,5.7,No,Yes,High School,35.62,36.83
9.12,86.46,80.71,5.59,No,Yes,High School,66.25,53.61
8.51,92.87,82.54,6.38,Yes,Yes,Graduate,59.59,63.2
4.5,75.62,61.56,7.14,No,No,Postgraduate,31.63,44.82
6.94,69.93,64.35,7.13,Yes,Yes,High School,48.07,56.31
6.29,67.46,42.03,3.84,No,Yes,High School,45.4,37.25
7.74,56.4,72.71,8.1,No,Yes,Postgraduate,53.32,51.78
3.07,100.0,73.58,6.88,No,Yes,High School,23.44,47.54
6.37,66.76,64.07,8.58,No,No,Graduate,42.34,43.06
7.12,77.34,81.87,7.17,No,Yes,Graduate,47.62,53.57
1.48,76.68,59.99,8.15,Yes,Yes,Postgraduate,11.75,47.75
2.63,83.69,73.47,7.2,Yes,Yes,High School,18.26,45.64
0.92,89.79,49.71,8.52,No,Yes,High School,5.54,34.6
4.46,90.33,64.65,7.28,Yes,Yes,Graduate,33.01,45.98
6.44,73.0,62.38,6.35,Yes,No,Postgraduate,43.83,46.44
8.0,77.99,68.38,9.91,No,No,Graduate,55.63,52.02
5.15,83.39,59.46,7.83,Yes,No,High School,38.84,48.15
8.26,77.02,63.03,7.36,Yes,No,Graduate,60.88,45.6
2.24,99.29,77.39,4.59,No,Yes,Postgraduate,18.82,48.18
1.59,85.89,58.45,4.57,Yes,Yes,Postgraduate,10.59,43.21
4.89,88.82,40.9,6.94,No,No,Postgraduate,36.68,35.73
5.77,87.95,91.24,6.72,No,No,High School,38.48,48.41
4.93,94.08,85.72,5.58,No,No,High School,32.73,46.59
0.87,82.17,45.62,6.71,Yes,Yes,Graduate,1.35,34.4
4.82,64.44,75.35,8.88,No,Yes,Postgraduate,37.1,50.35
2.39,84.8,57.46,7.54,No,No,High School,15.01,37.32
6.34,72.18,68.95,4.79,No,Yes,High School,44.12,42.8
5.73,73.66,69.41,6.33,Yes,No,Graduate,38.31,48.16
3.12,87.04,61.48,5.29,No,Yes,High School,23.23,46.94
3.97,94.86,53.24,5.92,No,Yes,High School,27.05,47.74
2.88,80.26,54.64,5.88,No,Yes,Graduate,17.56,33.46
4.87,83.71,51.26,5.78,No,No,Graduate,35.01,42.88
6.91,100.0,52.52,4.62,No,Yes,Graduate,45.5,47.82
3.03,82.89,63.99,6.31,No,Yes,High School,19.53,41.91
6.01,100.0,54.26,5.66,Yes,No,Graduate,37.84,46.11
3.94,86.79,75.23,3.0,No,Yes,Graduate,24.73,46.4
3.41,58.87,87.31,9.58,Yes,No,Graduate,24.26,47.69
4.79,89.04,56.3,8.13,No,Yes,Graduate,29.57,44.61
2.93,84.57,68.59,5.94,Yes,No,High School,17.54,38.53
3.89,95.48,72.5,6.53,No,Yes,High School,27.24,45.56
2.6,88.08,72.08,4.74,Yes,No,High School,17.14,42.62
8.93,78.34,66.14,9.04,No,No,High School,66.49,52.09
5.07,65.31,76.14,9.35,No,Yes,Graduate,39.16,51.62
3.6,77.49,72.23,6.74,Yes,Yes,Postgraduate,23.47,47.49
5.43,69.79,46.44,8.04,Yes,Yes,Graduate,39.11,44.17
4.78,73.03,78.04,6.76,Yes,Yes,Graduate,34.93,52.96
4.56,87.06,78.31,4.49,No,No,High School,30.71,48.67
6.23,100.0,53.55,5.88,No,Yes,Graduate,40.61,48.32
6.52,84.74,65.57,6.7,No,Yes,High School,45.58,46.94
3.94,65.65,75.25,5.82,Yes,Yes,High School,27.23,44.23
3.85,85.34,61.86,6.17,No,No,High School,26.07,36.31
4.45,94.36,81.09,6.36,No,No,Graduate,32.03,49.11
0.4,72.68,100.0,6.38,No,Yes,Postgraduate,1.27,51.2
1.97,78.39,53.21,6.58,No,Yes,High School,11.48,38.74
7.73,80.18,44.28,4.91,Yes,Yes,High School,54.35,42.78
8.29,70.58,69.56,5.42,Yes,Yes,Graduate,58.8,52.32
4.5,87.78,75.82,4.57,Yes,Yes,High School,29.16,44.69
6.15,78.55,61.54,7.97,Yes,Yes,Postgraduate,44.93,54.04
5.62,85.03,86.8,3.34,Yes,Yes,Graduate,35.82,52.47
11.16,69.35,44.92,8.23,Yes,Yes,Postgraduate,76.95,52.82
7.24,74.75,75.39,8.58,Yes,Yes,Graduate,50.16,53.04
4.74,88.67,55.91,6.05,No,Yes,Graduate,31.94,44.73
3.09,75.53,90.79,3.0,No,Yes,Graduate,20.49,44.95
1.79,100.0,94.89,5.96,No,No,Graduate,16.25,52.07
5.41,75.2,53.5,6.4,No,Yes,Graduate,36.15,41.89
3.49,82.7,56.76,4.98,Yes,Yes,High School,29.29,46.31
2.16,91.19,77.89,5.73,No,Yes,Graduate,15.96,51.7
3.71,62.98,59.19,8.8,Yes,No,Graduate,26.13,37.77
2.84,58.87,64.32,7.5,No,No,Postgraduate,20.81,40.12
8.37,61.69,65.38,5.11,Yes,Yes,Graduate,63.68,46.61
6.76,95.15,36.2,4.1,No,Yes,Graduate,45.36,41.87
4.98,73.38,64.79,6.01,Yes,Yes,High School,32.65,51.11
7.96,100.0,54.65,6.18,Yes,Yes,Graduate,54.21,52.0
5.15,73.23,57.6,7.24,No,Yes,Graduate,36.15,45.4
3.28,82.21,86.65,5.7,Yes,Yes,Postgraduate,19.49,54.25
8.05,98.51,46.15,7.27,No,Yes,Postgraduate,56.37,48.82
6.08,100.0,77.2,9.4,No,Yes,High School,45.93,51.46
2.93,100.0,60.82,7.72,No,Yes,Postgraduate,20.78,44.39
4.62,94.5,60.8,6.43,No,Yes,High School,31.75,42.05
3.25,92.29,76.86,6.23,No,Yes,High School,21.51,36.47
2.23,87.11,70.1,5.96,Yes,Yes,Graduate,17.44,47.54
6.85,89.34,73.56,8.27,No,Yes,High School,46.31,59.29
8.82,73.39,79.52,5.56,No,No,Graduate,65.42,52.42
2.2,70.18,60.03,6.57,No,Yes,High School,19.29,32.12
6.13,79.96,55.82,6.58,Yes,Yes,High School,43.4,42.96
3.7,77.96,48.72,5.75,No,No,Graduate,25.87,35.79
4.03,74.56,52.62,4.44,No,Yes,Graduate,30.24,35.89
3.82,88.36,100.0,6.98,No,Yes,Postgraduate,28.9,60.04
3.27,91.46,83.67,6.41,No,Yes,Graduate,21.29,53.07
5.1,81.06,44.73,7.25,Yes,No,Graduate,34.63,37.53
3.34,97.73,45.16,5.7,Yes,No,High School,20.72,41.24
5.54,66.3,72.23,8.33,No,Yes,High School,39.6,51.11
4.9,77.68,73.21,5.18,No,Yes,High School,35.63,51.46
4.52,71.4,73.23,9.07,No,Yes,Graduate,28.95,57.98
3.18,57.6,61.18,3.88,Yes,Yes,Graduate,21.38,35.13
3.85,79.01,63.12,7.15,No,Yes,Graduate,24.23,54.31
6.51,78.54,69.92,7.21,No,Yes,Graduate,43.78,48.91
6.0,98.16,66.29,5.31,No,Yes,Graduate,43.11,48.5
3.04,87.57,31.71,7.14,No,No,High School,19.85,33.92
5.2,67.71,61.55,8.42,Yes,Yes,High School,35.79,42.29
6.5,100.0,52.23,3.17,No,Yes,Postgraduate,42.26,50.23
1.66,94.65,67.63,7.25,Yes,Yes,Graduate,12.0,41.75
6.09,86.99,100.0,3.0,No,No,Postgraduate,42.52,54.56
3.67,77.28,70.51,5.05,Yes,Yes,High School,24.27,47.99
6.14,68.49,60.3,8.94,No,Yes,Postgraduate,42.61,48.58
3.47,75.53,78.83,5.63,Yes,Yes,High School,24.67,45.81
1.39,93.06,72.24,4.74,No,Yes,High School,8.1,43.21
1.74,100.0,71.3,6.2,No,No,Postgraduate,9.26,50.3
5.1,98.52,74.1,9.6,No,Yes,High School,39.28,46.27
5.52,74.13,95.85,3.75,Yes,Yes,Graduate,37.37,55.23
3.19,66.56,48.04,4.92,Yes,Yes,High School,22.15,34.34
6.28,81.69,72.1,8.75,Yes,Yes,Graduate,45.96,53.93
1.68,58.78,51.1,9.29,No,No,Postgraduate,18.8,39.8
4.87,83.88,73.33,6.34,Yes,Yes,High School,31.59,43.9
2.58,78.23,51.22,4.64,No,Yes,Graduate,18.95,34.11
3.7,74.41,58.74,9.64,No,Yes,High School,24.46,35.18
5.09,60.86,60.57,8.89,No,Yes,Graduate,34.59,41.84
3.28,86.16,79.64,7.52,No,No,High School,21.51,49.56
4.23,73.61,78.78,5.28,No,Yes,High School,27.36,44.07
7.01,65.96,46.31,6.43,Yes,No,High School,49.01,34.9
3.85,45.53,65.82,6.26,No,No,High School,23.97,32.7
6.67,79.67,54.36,7.0,No,Yes,Postgraduate,48.59,43.52
2.74,100.0,46.12,8.68,Yes,Yes,High School,19.29,38.66
6.06,99.94,61.74,7.82,No,Yes,High School,43.26,50.88
7.88,74.51,60.37,4.88,No,Yes,Graduate,54.25,43.48
0.06,72.77,100.0,8.56,No,Yes,High School,-0.34,49.31
3.41,85.63,71.49,6.97,Yes,Yes,Graduate,24.42,47.98
6.15,68.02,44.34,7.53,No,Yes,Postgraduate,40.75,44.11
4.59,83.62,56.53,8.7,Yes,Yes,Graduate,31.44,46.27
5.74,89.19,80.32,4.83,Yes,Yes,Postgraduate,38.48,57.92
3.79,94.72,96.33,6.45,No,Yes,Graduate,24.76,57.47
5.17,78.8,41.21,5.7,No,Yes,High School,31.99,39.12
4.69,77.56,36.8,4.15,No,Yes,Graduate,35.5,38.89
7.34,69.46,93.06,7.02,Yes,No,Graduate,49.98,53.93
5.51,70.08,70.84,10.0,No,Yes,Graduate,40.89,51.2
5.68,77.28,51.98,3.74,No,No,Postgraduate,41.86,40.63
4.18,84.41,73.02,6.45,Yes,Yes,Graduate,26.66,49.22
4.02,90.96,30.0,7.46,No,Yes,Postgraduate,26.0,40.03
4.13,70.36,65.05,6.68,Yes,Yes,Graduate,34.07,43.3
5.79,97.91,69.92,6.33,No,Yes,Graduate,44.02,49.4
4.16,76.75,78.86,4.55,No,Yes,Graduate,29.04,48.18
5.58,79.74,49.79,6.85,Yes,Yes,High School,39.57,47.63
9.15,71.03,66.29,5.36,Yes,Yes,Postgraduate,62.79,58.32
6.74,50.91,51.12,3.22,Yes,Yes,Graduate,48.06,35.27
4.35,90.61,68.83,8.29,Yes,Yes,High School,29.0,53.23
7.4,88.84,51.57,7.94,No,No,High School,47.75,44.02
4.18,76.62,58.88,6.58,No,Yes,Graduate,26.64,45.18
0.92,80.8,50.06,6.84,Yes,Yes,High School,6.51,32.95
2.98,86.19,74.77,8.11,Yes,Yes,High School,18.62,47.67
1.26,61.25,77.88,6.84,No,No,Graduate,8.67,39.72
4.3,73.65,61.48,7.86,No,No,High School,27.93,34.87
5.04,89.53,65.57,6.05,Yes,Yes,Graduate,33.69,51.46
8.35,64.95,43.27,8.47,Yes,No,High School,60.18,46.87
5.65,83.52,60.5,6.98,No,Yes,High School,40.07,44.52
4.56,63.72,64.25,6.79,Yes,Yes,Graduate,31.91,49.03
6.66,85.6,100.0,4.59,Yes,No,Graduate,48.37,55.79
0.58,79.57,48.32,6.93,No,No,High School,5.01,34.48
5.47,60.62,86.96,5.25,No,Yes,High School,41.19,38.35
6.54,93.98,79.95,5.54,No,No,Graduate,44.87,60.55
2.04,71.18,69.21,5.28,No,Yes,High School,13.44,43.59
7.29,70.28,91.38,4.9,No,No,High School,48.41,48.34
5.68,82.41,70.58,9.69,Yes,Yes,High School,38.88,43.83
4.17,93.78,70.84,8.5,Yes,Yes,Postgraduate,31.12,54.84
6.27,67.81,64.2,9.38,Yes,Yes,Graduate,46.46,44.36
9.54,80.74,83.35,4.67,Yes,Yes,Graduate,68.71,59.67
5.36,85.15,81.45,6.61,No,Yes,Graduate,33.96,53.38
5.5,88.32,55.61,4.56,No,Yes,Graduate,40.64,41.64
4.08,82.12,45.21,5.46,No,Yes,Graduate,24.89,43.68
3.3,75.6,61.96,5.12,No,Yes,Graduate,24.9,44.1
6.66,70.07,53.0,8.36,Yes,Yes,High School,45.89,48.27
3.29,81.03,64.05,5.91,Yes,Yes,Graduate,24.42,44.7
5.14,67.13,83.56,8.1,No,Yes,Graduate,33.34,45.06
4.04,44.94,58.14,7.41,No,Yes,Graduate,30.66,41.15
5.96,85.24,64.36,9.96,No,No,High School,38.78,45.88
5.67,90.85,65.87,4.28,No,No,High School,38.33,38.9
7.08,51.64,77.73,8.39,No,Yes,Graduate,47.53,53.78
3.98,67.88,31.3,8.22,No,Yes,Graduate,24.35,42.98
4.46,87.43,55.9,5.04,Yes,Yes,Postgraduate,31.41,46.95
3.04,100.0,68.17,8.01,No,Yes,High School,24.91,54.15
4.11,80.25,83.0,7.0,No,Yes,Graduate,34.11,50.13
5.75,71.26,57.62,6.16,Yes,No,Graduate,40.48,41.93
6.51,77.81,36.85,5.26,No,Yes,Postgraduate,47.83,40.45
3.16,96.5,74.3,5.42,Yes,Yes,Graduate,22.55,55.07
6.74,72.25,55.47,9.57,No,Yes,Graduate,48.17,44.78
7.71,70.41,47.16,6.5,Yes,No,Graduate,53.29,46.37
5.83,74.21,55.63,7.67,No,Yes,Graduate,41.18,43.2
8.75,68.56,62.23,5.31,Yes,Yes,Postgraduate,62.35,50.53
3.45,81.47,55.93,5.33,No,Yes,High School,23.01,42.71
2.51,99.5,31.92,8.12,Yes,Yes,High School,17.42,36.95
1.44,83.88,78.46,4.48,Yes,Yes,Postgraduate,9.98,45.54
7.99,76.97,84.12,5.88,No,Yes,Graduate,57.6,58.67
6.31,76.5,74.77,6.55,No,No,Graduate,42.03,53.7
4.89,61.24,47.93,6.67,Yes,Yes,Graduate,34.12,42.51
5.56,90.6,61.98,6.23,Yes,Yes,High School,42.74,45.17
2.75,79.07,64.9,7.09,No,Yes,Graduate,21.57,41.35
9.89,77.83,73.98,7.54,No,Yes,Graduate,71.94,56.74
5.26,100.0,75.03,7.6,No,Yes,High School,36.86,52.52
5.22,83.59,53.99,5.02,Yes,Yes,High School,37.17,39.45
6.45,70.98,66.23,6.07,No,Yes,Postgraduate,47.17,51.67
5.96,74.88,71.86,8.29,Yes,No,High School,44.85,47.4
5.45,93.78,86.84,7.84,Yes,Yes,Postgraduate,34.23,53.26
3.42,81.36,75.57,4.44,No,Yes,High School,21.3,39.97
5.94,62.74,76.84,7.03,No,No,Graduate,44.22,44.21
8.76,91.03,66.26,3.53,No,Yes,Postgraduate,60.79,54.18
7.69,71.98,86.16,6.57,Yes,Yes,Graduate,52.49,62.36
8.19,100.0,71.15,9.35,No,Yes,Graduate,54.8,59.11
3.98,92.96,52.08,5.08,No,Yes,Graduate,26.73,39.97
3.02,74.63,86.05,5.25,No,No,High School,18.34,43.24
4.75,95.37,75.47,7.65,Yes,Yes,High School,37.42,50.11
5.11,80.81,58.35,4.19,Yes,Yes,Postgraduate,35.74,48.08
7.19,90.23,57.81,5.55,Yes,Yes,Graduate,50.2,52.54
1.62,85.82,69.45,7.39,No,Yes,Graduate,12.48,48.13
8.06,69.84,71.95,5.55,Yes,Yes,High School,58.34,49.56
4.68,72.28,67.96,6.15,No,Yes,High School,34.68,48.65
4.15,92.36,69.67,7.62,Yes,No,High School,31.17,49.53
2.98,75.98,90.5,7.13,No,No,Graduate,19.57,44.67
1.69,75.16,81.07,6.9,Yes,Yes,Graduate,11.24,53.78
6.65,68.54,67.86,5.99,No,Yes,Graduate,48.06,48.39
5.15,85.08,79.12,7.06,No,No,Postgraduate,34.97,48.42
2.42,100.0,49.51,6.31,Yes,Yes,High School,16.93,47.06
2.41,67.19,70.97,7.19,No,Yes,High School,17.67,47.26
4.33,80.29,92.14,5.75,No,Yes,High School,31.87,49.3
8.34,96.95,61.73,6.23,No,No,Graduate,54.81,49.63
4.48,79.04,52.29,5.02,No,No,High School,32.8,36.45
1.99,85.43,55.22,6.45,Yes,Yes,Postgraduate,13.49,46.26
4.51,67.25,48.66,5.28,Yes,Yes,High School,32.97,42.3
4.45,85.14,53.23,4.83,Yes,Yes,Postgraduate,32.74,47.88
0.0,77.75,59.44,6.89,Yes,Yes,Graduate,3.22,38.95
4.89,91.83,43.92,6.82,Yes,Yes,Postgraduate,36.95,52.08
4.54,94.25,65.23,7.67,Yes,No,Graduate,34.46,47.24
6.39,100.0,78.53,5.85,No,Yes,Postgraduate,47.63,60.59
8.7,86.96,51.38,7.11,No,No,High School,61.47,45.17
7.25,83.91,87.79,7.33,Yes,Yes,Graduate,50.84,59.6
4.46,82.33,72.66,7.17,Yes,Yes,Postgraduate,32.98,51.4
2.79,75.76,80.46,5.26,No,Yes,High School,20.97,42.85
10.15,84.06,55.13,6.72,Yes,Yes,High School,70.41,50.73
5.12,76.46,77.82,7.05,Yes,Yes,Graduate,36.64,55.57
5.03,82.02,48.62,6.51,Yes,No,Postgraduate,35.12,41.6
4.95,95.81,78.35,3.37,No,No,Graduate,32.95,45.46
5.4,67.92,67.58,6.74,No,Yes,Graduate,40.35,53.09
4.71,93.68,73.3,9.82,Yes,Yes,High School,33.09,55.4
3.85,95.81,47.37,5.96,No,No,High School,31.07,30.13
3.91,78.58,51.57,5.41,No,Yes,Postgraduate,24.09,40.51
4.93,54.54,73.96,7.06,No,Yes,High School,33.43,35.96
3.91,72.71,50.77,6.97,No,Yes,Graduate,27.46,36.94
3.57,95.56,71.95,8.29,No,No,Postgraduate,27.29,38.87
5.21,79.73,44.49,4.61,Yes,Yes,High School,37.29,39.13
4.49,68.01,77.72,7.6,Yes,Yes,Graduate,32.05,44.78
8.01,73.94,46.51,7.39,No,No,High School,53.8,42.05
0.0,90.09,73.28,6.29,No,Yes,Graduate,-2.31,36.63
7.18,86.56,74.38,7.01,No,Yes,High School,50.93,51.73
7.49,77.13,54.55,8.04,No,Yes,Graduate,49.72,46.78
0.85,75.6,73.73,7.81,No,No,High School,4.91,43.33
4.31,75.3,68.91,4.79,Yes,Yes,Graduate,31.2,50.59
4.26,68.93,56.92,7.73,No,No,Graduate,27.84,42.82
2.18,99.38,49.87,6.4,No,Yes,High School,18.51,38.41
3.44,76.13,35.56,6.61,No,Yes,Graduate,26.56,43.12
2.78,94.61,70.24,6.61,No,No,High School,16.31,37.24
8.5,98.26,41.53,6.27,No,Yes,Graduate,57.67,44.15
6.87,91.98,66.43,8.29,Yes,Yes,High School,43.53,51.96
7.54,74.82,61.05,6.37,No,Yes,Graduate,51.24,56.22
6.44,84.84,75.19,4.82,Yes,Yes,High School,46.64,49.36
2.74,79.71,60.47,5.91,No,Yes,Graduate,18.37,40.68
3.95,69.16,60.06,6.77,No,Yes,High School,28.58,34.69
5.98,83.89,75.98,8.34,Yes,Yes,Graduate,38.81,57.25
2.56,65.85,70.03,7.4,No,No,High School,19.49,41.14
6.43,94.25,69.74,5.22,No,Yes,Postgraduate,43.87,56.2
4.52,74.42,72.04,10.0,No,No,Postgraduate,31.66,46.63
4.25,82.41,41.97,6.9,Yes,Yes,High School,29.57,37.1
6.42,83.4,76.35,8.41,No,Yes,Graduate,42.41,48.75
5.89,76.89,74.19,6.27,No,Yes,High School,38.91,47.48
4.28,87.04,49.75,7.3,No,Yes,High School,31.88,37.44
7.32,74.3,61.34,7.76,Yes,Yes,Graduate,52.03,46.21
2.84,90.46,64.41,8.33,No,No,Graduate,21.97,42.43
6.23,63.85,62.98,8.09,No,No,Graduate,44.27,42.25
6.19,81.52,70.01,7.81,Yes,No,High School,43.59,45.93
4.38,100.0,86.47,6.03,Yes,Yes,High School,27.21,54.78
5.65,68.0,81.23,5.64,Yes,No,High School,39.03,46.13
2.5,71.87,45.32,7.0,No,Yes,Graduate,17.43,35.62
6.85,86.17,74.33,7.9,No,Yes,Graduate,51.84,54.21
4.63,82.15,84.93,6.17,No,No,Graduate,33.79,45.26
3.95,84.21,70.8,8.1,Yes,Yes,High School,30.75,47.71
7.1,85.87,81.36,8.68,No,Yes,High School,50.88,54.59
3.59,87.62,95.18,5.13,Yes,Yes,High School,23.72,46.01
2.18,93.32,80.36,5.24,Yes,Yes,High School,15.52,50.04
1.89,84.92,68.74,6.29,No,Yes,High School,13.68,38.02
6.21,77.1,80.68,6.96,Yes,Yes,Postgraduate,41.61,55.71
2.44,88.07,67.17,5.71,No,No,Postgraduate,16.31,47.9
8.51,100.0,65.36,8.53,Yes,Yes,Graduate,59.16,61.43
0.84,78.41,59.73,7.14,No,Yes,Graduate,9.06,38.96
8.39,68.31,88.45,6.56,No,Yes,High School,54.59,51.97
5.42,93.28,52.72,4.35,No,Yes,Postgraduate,40.37,50.25
4.81,78.56,87.99,4.53,Yes,Yes,High School,31.77,51.74
3.91,53.93,72.5,6.92,Yes,Yes,Postgraduate,24.63,43.6
5.8,90.17,44.01,3.3,No,No,Graduate,42.95,37.12
4.92,73.58,70.51,8.02,Yes,No,High School,35.94,37.5
7.21,78.91,33.5,6.26,No,No,Postgraduate,52.96,42.24
5.23,83.98,74.38,10.0,No,No,High School,38.2,47.68
5.3,82.29,78.28,9.96,Yes,Yes,Graduate,41.22,58.29
4.27,88.51,56.11,6.23,Yes,No,Graduate,31.03,44.93
4.89,74.77,66.85,6.34,No,Yes,High School,33.89,48.2
5.62,86.16,94.31,7.99,No,Yes,Graduate,40.0,54.19
1.58,76.89,57.41,9.05,No,Yes,Graduate,13.54,44.48
2.3,88.87,49.12,4.04,No,Yes,Graduate,14.57,36.31
6.49,87.38,87.22,3.82,No,Yes,High School,44.1,54.15
5.34,68.77,94.44,5.57,Yes,No,Postgraduate,36.77,47.79
4.63,93.03,65.06,7.37,No,Yes,High School,28.22,47.44
5.04,73.57,80.17,7.25,No,Yes,High School,35.53,40.5
5.7,89.7,85.12,8.1,Yes,Yes,High School,36.09,53.56
3.92,84.41,53.86,4.7,Yes,Yes,High School,27.55,42.34
3.44,100.0,57.72,3.03,Yes,Yes,High School,25.83,40.74
5.39,77.32,83.46,7.79,Yes,Yes,Postgraduate,36.79,51.76
3.04,75.81,90.28,5.26,No,Yes,High School,24.66,48.81
5.82,79.77,73.44,3.47,Yes,Yes,High School,37.79,46.48
1.59,76.36,51.8,6.72,Yes,No,High School,13.55,32.9
7.06,89.6,94.81,7.69,Yes,Yes,Graduate,50.76,60.91
5.95,60.6,57.04,6.32,No,Yes,Postgraduate,38.18,53.69
5.51,67.36,59.97,5.81,No,Yes,High School,44.01,45.18
6.97,67.19,70.14,6.26,No,Yes,High School,48.63,50.22
8.33,91.4,88.31,5.94,Yes,No,High School,56.56,57.55
7.03,100.0,77.81,4.48,No,Yes,High School,46.39,53.2
1.32,78.75,71.22,5.43,No,Yes,High School,8.79,30.77
2.44,77.97,71.95,7.28,Yes,No,Graduate,16.83,41.25
3.75,80.84,65.65,6.98,Yes,Yes,High School,26.46,42.71
5.05,93.94,73.37,6.75,Yes,Yes,Graduate,34.77,45.96
6.04,68.87,30.0,5.01,Yes,Yes,High School,43.51,31.65
3.55,82.86,60.55,6.23,No,No,Postgraduate,24.06,36.43
5.37,91.7,68.62,3.23,No,No,Postgraduate,33.74,47.46
3.49,86.01,47.73,6.77,No,Yes,Graduate,24.13,43.92
3.78,82.27,70.79,8.64,No,Yes,High School,21.7,49.58
2.19,92.01,61.93,4.29,No,Yes,High School,16.01,41.2
3.15,47.56,91.33,5.62,No,No,Graduate,20.12,38.22
2.3,88.13,88.6,6.99,No,No,Graduate,16.4,40.9
3.05,72.15,58.01,8.38,Yes,Yes,Graduate,23.97,36.85
7.11,58.03,62.74,5.83,Yes,No,Postgraduate,47.85,41.71
3.1,86.13,63.89,5.46,No,Yes,Postgraduate,23.83,42.51
10.26,96.48,58.23,3.55,Yes,Yes,High School,70.99,52.38
5.99,78.35,67.93,6.66,Yes,Yes,Graduate,45.41,46.28
5.37,91.43,53.63,9.56,No,Yes,High School,36.86,47.39
3.28,99.35,48.04,6.92,No,No,High School,21.3,38.24
6.4,95.78,74.34,6.47,No,Yes,Graduate,46.18,53.6
3.85,99.68,74.44,6.98,No,Yes,High School,26.07,52.59
5.24,88.91,52.94,6.48,No,No,Postgraduate,35.03,41.21
10.12,80.91,78.43,5.28,No,No,High School,69.89,54.12
4.81,60.78,55.53,7.73,No,Yes,Graduate,33.57,41.21
7.3,77.05,68.8,6.84,No,Yes,Graduate,53.77,49.4
3.59,69.88,77.31,6.53,No,Yes,Graduate,21.29,48.57
4.93,100.0,64.5,5.04,No,Yes,High School,34.56,49.6
8.54,77.89,71.82,8.46,No,No,Postgraduate,61.04,51.19
3.75,81.48,57.25,7.5,No,No,Graduate,26.61,40.77
8.62,86.62,62.05,5.67,Yes,Yes,Graduate,62.99,54.2
6.42,80.52,61.91,8.0,Yes,Yes,High School,44.76,47.29
3.88,100.0,53.8,5.75,Yes,Yes,Graduate,26.76,48.32
6.26,72.53,62.35,5.33,No,No,Postgraduate,45.04,46.53
6.95,82.34,41.77,5.36,Yes,Yes,Graduate,48.81,51.1
6.24,71.09,57.63,3.84,Yes,Yes,Postgraduate,42.92,41.21
1.86,64.16,60.73,7.21,No,Yes,Graduate,14.05,37.79
3.55,72.66,61.16,3.75,Yes,Yes,High School,23.52,36.11
4.5,79.56,61.38,4.66,No,Yes,High School,30.31,43.37
4.85,74.85,64.07,3.39,Yes,Yes,High School,32.9,36.48
6.24,71.69,72.19,6.37,No,No,Graduate,46.4,47.62
5.36,63.12,78.12,6.27,No,No,Graduate,31.05,42.72
2.33,79.0,55.25,6.01,No,No,High School,17.1,32.59
5.76,61.94,46.95,4.94,No,Yes,Graduate,40.39,33.81
6.22,89.12,49.37,4.74,No,Yes,Graduate,40.19,43.16
6.12,80.99,57.69,7.2,Yes,Yes,Graduate,43.46,52.17
7.16,62.51,59.72,5.67,Yes,Yes,High School,51.08,43.98
6.67,76.29,53.45,6.97,Yes,No,High School,47.85,45.19
5.92,70.97,45.56,5.17,No,Yes,High School,36.12,44.24
4.86,83.83,58.16,6.77,No,Yes,High School,36.75,44.17
1.68,96.09,67.72,8.45,No,No,High School,10.27,39.95
5.86,57.5,73.93,7.38,Yes,No,High School,42.39,45.4
5.42,81.38,56.64,5.88,No,Yes,Graduate,39.39,42.87
5.54,78.08,58.81,6.89,No,Yes,High School,37.05,41.76
2.45,88.06,51.1,6.14,No,Yes,Postgraduate,18.45,36.97
2.84,82.56,64.53,6.51,No,Yes,High School,19.09,44.53
7.11,70.98,52.27,6.01,Yes,Yes,High School,45.6,42.53
4.92,76.17,73.6,6.25,No,Yes,High School,36.78,46.05
6.36,70.45,38.21,6.82,No,No,High School,42.99,32.64
5.06,92.91,59.61,5.01,Yes,Yes,Postgraduate,33.69,51.38
5.06,80.26,69.52,4.98,Yes,Yes,High School,34.61,43.18
6.88,100.0,67.76,4.42,No,Yes,Postgraduate,48.68,53.59
3.97,79.27,100.0,4.1,No,Yes,Postgraduate,27.66,56.73
5.19,71.5,70.25,4.67,No,No,Graduate,37.44,45.86
4.08,61.84,49.94,6.74,Yes,Yes,Graduate,25.85,39.57
4.13,58.36,63.57,5.16,No,Yes,Graduate,27.43,33.77
4.38,60.99,38.36,7.27,No,Yes,High School,30.44,44.48
5.44,83.21,63.79,6.55,No,No,Graduate,41.91,51.37
4.04,86.1,52.5,3.55,No,Yes,High School,28.07,41.27
7.51,61.03,78.73,7.48,Yes,No,High School,54.75,45.54
3.21,90.74,56.76,7.72,No,Yes,Graduate,22.55,43.93
4.63,74.2,63.25,5.01,Yes,Yes,Graduate,31.42,42.81
4.12,81.76,55.47,7.13,No,Yes,Postgraduate,28.35,49.96
7.89,99.35,91.08,5.22,No,No,High School,54.92,56.43
5.39,90.76,60.18,6.65,No,No,Postgraduate,38.96,45.04
7.06,76.78,92.49,4.6,No,Yes,High School,52.2,50.65
2.03,69.31,77.21,3.81,No,Yes,High School,14.92,42.86
5.53,54.18,72.23,5.93,No,Yes,High School,41.11,47.55
6.78,71.37,70.53,6.31,No,Yes,Graduate,45.53,54.18
5.16,77.47,70.91,5.9,No,Yes,High School,35.32,47.76
7.13,68.15,36.08,4.72,No,No,Graduate,48.47,36.27
3.97,78.42,60.82,5.9,No,No,Postgraduate,28.39,31.72
7.82,80.92,77.68,6.9,Yes,Yes,Graduate,54.01,56.71
9.6,77.3,64.27,6.43,No,Yes,Graduate,68.64,52.75
4.27,72.2,43.92,6.77,Yes,No,Postgraduate,28.06,40.81
4.11,82.02,64.21,5.49,No,No,Graduate,28.85,42.55
7.91,85.3,90.56,8.26,Yes,Yes,Graduate,56.72,56.03
8.16,66.92,83.7,4.74,No,Yes,High School,52.98,52.15
3.95,96.93,64.07,7.23,No,Yes,Postgraduate,31.92,52.32
4.16,78.82,79.27,8.27,No,Yes,Graduate,28.55,52.0
4.44,80.23,59.5,7.22,No,Yes,High School,27.0,45.92
2.31,88.5,39.44,6.2,Yes,Yes,High School,16.49,38.66
3.16,82.8,51.13,5.71,Yes,Yes,Postgraduate,22.21,42.15
2.99,91.44,88.44,8.05,Yes,Yes,High School,20.78,51.17
3.46,83.45,60.89,4.37,No,Yes,Postgraduate,26.23,44.53
4.93,72.65,61.35,5.04,No,Yes,High School,36.01,41.35
5.47,84.34,60.5,5.9,No,No,Graduate,38.87,47.73
8.1,66.28,93.56,8.36,Yes,No,High School,57.61,56.5
3.0,81.3,89.39,7.07,Yes,Yes,Graduate,20.81,58.57
6.97,79.6,98.28,5.05,No,Yes,Postgraduate,52.33,66.3
4.57,77.5,62.61,6.03,No,No,Graduate,29.05,42.55
4.9,78.46,69.43,5.58,No,Yes,Graduate,34.59,32.97
6.35,57.42,42.25,5.44,No,Yes,High School,44.58,40.41
2.75,73.42,87.15,7.97,No,Yes,High School,20.91,44.23
5.76,81.11,47.48,4.44,Yes,Yes,High School,38.67,38.51
5.33,81.92,68.25,8.91,No,Yes,Graduate,33.84,48.31
5.98,67.67,48.54,7.74,No,No,High School,42.21,36.81
5.58,95.19,56.17,8.14,Yes,Yes,High School,39.61,50.35
9.91,69.61,52.44,5.81,No,Yes,Graduate,72.35,43.1
3.72,91.63,55.88,6.28,Yes,No,Graduate,23.53,39.58
3.94,85.13,56.91,4.35,No,Yes,Graduate,29.88,43.35
3.75,72.25,56.78,5.71,Yes,Yes,High School,31.01,42.01
3.89,100.0,77.5,7.24,No,Yes,High School,26.47,51.89
3.73,65.68,48.43,8.44,Yes,Yes,Postgraduate,23.49,39.95
7.38,91.03,68.31,4.84,No,Yes,High School,50.83,46.09
7.84,92.01,83.27,5.95,No,Yes,Postgraduate,54.92,57.27
3.86,71.95,57.3,6.27,No,Yes,Postgraduate,28.14,44.1
3.34,96.71,54.23,4.41,No,Yes,Graduate,22.16,47.83
5.94,77.0,61.54,7.39,No,Yes,High School,44.71,37.81
3.9,83.46,82.7,5.41,Yes,Yes,Postgraduate,25.04,51.58
6.27,83.12,67.91,6.21,Yes,Yes,Graduate,40.38,46.11
5.41,78.39,57.03,5.82,Yes,Yes,Graduate,40.05,39.91
1.97,89.73,72.26,5.32,No,Yes,High School,9.23,45.64
8.1,89.52,48.47,6.49,Yes,No,High School,56.26,47.86
8.59,59.02,75.22,6.18,No,Yes,High School,66.38,49.99
3.77,95.65,71.13,5.94,No,Yes,Graduate,26.4,51.56
4.22,60.05,60.38,5.41,Yes,No,Graduate,27.33,37.41
5.57,92.39,52.42,6.98,Yes,Yes,High School,38.89,44.46
5.67,93.52,51.7,8.98,Yes,Yes,Graduate,39.58,57.3
6.32,66.91,73.02,6.71,No,No,High School,44.54,43.16
9.02,75.07,83.43,7.99,Yes,No,Graduate,64.47,59.14
4.65,66.73,55.44,4.41,Yes,Yes,Postgraduate,30.44,43.23
3.4,77.42,71.88,6.74,No,Yes,High School,27.2,36.75
2.24,76.3,33.69,4.85,No,Yes,High School,16.18,23.4
3.54,89.36,56.23,4.28,Yes,No,High School,26.22,37.24
4.93,95.72,64.53,5.39,Yes,Yes,Graduate,33.28,53.23
8.59,96.75,51.35,8.29,Yes,Yes,Graduate,62.7,56.9
3.96,73.25,50.95,7.93,No,No,Postgraduate,27.24,44.36
5.45,77.49,54.98,6.86,No,Yes,High School,38.69,38.87
4.97,59.8,69.38,4.2,Yes,No,Postgraduate,32.9,49.31
7.38,70.33,62.19,6.21,Yes,Yes,High School,49.64,43.37
10.05,91.58,31.43,6.95,No,Yes,Graduate,71.75,49.02
3.94,99.39,33.19,6.76,No,Yes,High School,26.68,38.39
4.02,65.19,55.9,3.73,Yes,No,Postgraduate,26.44,38.9
7.09,72.89,71.87,5.16,No,Yes,Graduate,48.33,53.78
6.36,79.68,30.0,6.4,Yes,Yes,Graduate,45.94,38.71
8.69,83.36,57.5,7.3,Yes,Yes,Postgraduate,59.6,50.15
6.17,70.28,57.11,3.21,No,Yes,High School,42.94,40.2
4.28,85.09,85.83,6.26,No,No,High School,30.0,45.49
6.18,74.31,59.22,6.71,No,Yes,Postgraduate,39.43,59.86
7.22,79.83,70.74,7.77,No,Yes,High School,47.58,52.33
6.64,86.56,67.12,7.54,No,No,High School,47.16,45.66
6.01,80.08,33.04,7.37,No,Yes,Graduate,40.63,37.04
7.13,74.76,76.52,5.3,No,Yes,Graduate,52.05,44.15
7.34,78.68,68.23,3.64,No,Yes,High School,53.3,42.85
7.76,78.94,72.62,5.91,No,No,High School,55.79,48.1
6.3,75.56,100.0,8.0,Yes,Yes,High School,47.72,61.52
4.67,76.89,33.74,8.59,No,Yes,Graduate,32.49,43.05
5.29,99.18,90.87,7.57,No,Yes,Postgraduate,38.35,60.17
7.41,86.73,60.69,7.14,No,Yes,Postgraduate,50.72,51.63
3.37,76.45,69.31,7.07,Yes,Yes,Graduate,28.47,47.03
5.74,88.36,64.32,5.67,No,Yes,High School,44.13,44.31
4.21,75.99,58.64,6.3,No,Yes,Postgraduate,29.52,50.88
5.06,94.08,56.45,9.0,Yes,Yes,Graduate,36.18,49.32
7.56,84.44,69.94,5.09,No,Yes,High School,55.62,48.91
5.38,78.71,42.24,8.92,Yes,Yes,Postgraduate,37.38,38.6
5.09,85.37,76.26,6.02,Yes,No,Graduate,34.34,48.49
2.28,61.15,58.76,8.49,No,No,Graduate,17.71,39.58
6.49,66.48,48.05,4.39,No,Yes,Graduate,45.6,36.94
6.29,65.67,58.25,7.38,No,Yes,High School,44.4,40.09
9.33,81.72,83.86,5.39,Yes,Yes,High School,63.62,59.26
4.38,100.0,56.97,4.38,No,No,Graduate,27.26,38.21
5.44,100.0,70.38,6.83,Yes,No,High School,38.54,53.0
5.5,87.66,54.04,8.01,Yes,No,Graduate,40.3,44.29
8.15,86.01,76.37,5.23,Yes,Yes,Graduate,56.63,54.22
4.81,58.39,75.28,4.25,No,Yes,Graduate,36.54,39.31
5.56,73.49,92.73,6.36,No,Yes,Graduate,37.5,54.12
6.22,70.55,62.37,6.37,No,Yes,Graduate,41.4,54.47
5.37,72.55,75.03,7.32,No,Yes,Postgraduate,37.48,53.51
4.11,77.98,66.47,7.92,Yes,No,Graduate,28.58,42.28
5.39,74.33,84.44,6.41,No,Yes,High School,39.26,52.56
7.15,56.25,54.22,9.28,No,Yes,High School,48.48,41.62
2.95,88.97,76.18,6.84,No,Yes,High School,23.36,50.47
5.27,67.13,62.08,5.98,Yes,No,High School,40.8,43.48
3.6,82.87,64.04,4.08,No,Yes,High School,25.12,30.39
7.39,100.0,66.38,6.11,No,Yes,High School,54.23,48.0
1.95,68.97,68.78,6.0,No,No,Graduate,11.56,41.53
3.88,49.64,63.26,7.94,No,Yes,Postgraduate,29.33,42.55
5.75,76.57,68.22,7.19,Yes,Yes,High School,42.38,43.93
8.13,93.21,88.67,4.73,No,Yes,Graduate,58.64,55.85
4.87,100.0,79.78,6.76,Yes,Yes,Graduate,34.05,48.2
3.89,65.25,78.04,7.51,No,No,High School,21.32,41.47
8.76,85.96,58.17,8.79,No,No,Postgraduate,60.05,60.88
2.1,74.42,51.66,7.83,Yes,Yes,Graduate,13.48,42.82
0.6,78.73,79.33,7.64,No,Yes,High School,2.26,49.26
5.88,100.0,78.14,6.59,No,Yes,Graduate,41.4,57.6
4.0,61.96,87.09,7.08,Yes,Yes,High School,27.13,50.39
2.96,83.04,55.94,8.37,No,Yes,Graduate,19.05,49.76
6.42,85.61,61.56,4.5,Yes,Yes,High School,42.8,47.92
5.49,93.03,40.41,5.98,No,Yes,Postgraduate,36.98,44.46
3.87,81.18,59.11,5.34,No,No,Graduate,29.35,44.1
2.44,83.7,79.95,7.07,No,Yes,Graduate,15.75,52.23
6.74,75.3,58.0,8.35,No,Yes,High School,46.18,44.04
6.3,83.23,74.61,5.6,No,Yes,Graduate,43.19,48.14
4.8,75.88,62.14,3.0,No,No,Graduate,34.29,40.58
8.69,87.46,69.86,5.88,Yes,Yes,Graduate,61.77,58.44
2.86,75.56,47.78,7.87,No,Yes,Graduate,13.93,41.84
1.95,84.53,66.28,7.31,No,Yes,Graduate,15.69,38.36
3.62,79.65,30.0,7.14,Yes,Yes,Postgraduate,28.19,46.25
4.91,93.51,62.2,6.08,No,Yes,Graduate,32.26,45.37
5.49,79.38,40.54,4.58,No,No,Postgraduate,36.46,38.75
4.52,58.72,83.09,7.27,No,No,Postgraduate,30.72,43.72
5.7,95.14,76.66,5.25,Yes,No,Graduate,38.42,60.83
2.5,69.13,72.0,9.78,Yes,Yes,High School,17.93,44.77
7.89,72.15,87.82,7.36,Yes,Yes,Graduate,51.32,54.06
4.84,72.85,50.77,5.63,No,Yes,Postgraduate,31.61,45.9
7.23,96.49,91.21,5.58,Yes,No,High School,53.72,58.37
5.69,54.37,78.98,6.36,No,Yes,Graduate,37.94,45.62
5.91,100.0,61.45,6.14,Yes,Yes,Postgraduate,43.88,56.6
6.14,92.67,82.03,8.18,No,Yes,High School,43.69,50.71
5.9,82.68,48.41,6.78,Yes,Yes,Graduate,37.65,44.03
6.29,79.34,52.63,5.4,No,Yes,High School,45.27,35.31
7.66,83.43,55.87,9.34,Yes,Yes,High School,53.37,45.48
5.39,86.25,57.07,6.57,No,Yes,Graduate,36.84,52.51
6.42,87.74,49.15,7.65,Yes,No,High School,45.42,49.78
4.82,86.67,83.35,5.59,No,Yes,High School,34.69,49.25
7.88,81.07,61.12,7.04,No,Yes,Postgraduate,56.58,58.35
3.65,77.63,70.29,6.97,Yes,Yes,High School,27.89,44.24
8.6,78.18,56.44,3.67,No,Yes,Postgraduate,61.03,48.77
4.92,77.66,37.69,9.52,No,No,Postgraduate,31.69,41.47
2.14,93.61,69.05,8.44,Yes,Yes,High School,14.02,45.56
5.26,87.12,36.32,5.9,No,Yes,High School,42.68,37.72
3.64,44.72,63.97,4.85,Yes,Yes,Graduate,26.91,42.09
6.68,87.87,44.48,7.02,No,No,Graduate,51.51,44.1
3.69,82.34,94.81,6.63,No,Yes,High School,28.65,52.56
4.11,79.78,78.67,7.03,Yes,Yes,Graduate,29.24,53.69
1.22,75.34,66.59,6.79,No,Yes,High School,9.15,39.59
4.1,93.49,83.96,7.26,No,Yes,Postgraduate,28.59,51.22
0.15,91.37,52.31,8.67,No,Yes,High School,-2.41,32.47
1.83,70.73,73.15,7.35,No,No,High School,12.86,38.79
6.52,84.88,68.0,4.93,No,Yes,High School,48.07,46.5
6.57,68.34,68.96,8.54,No,No,Postgraduate,44.8,49.46
5.85,63.44,84.09,8.96,Yes,Yes,Graduate,41.78,52.53
3.07,72.48,75.99,10.0,No,Yes,Postgraduate,23.17,58.37
4.9,90.35,69.33,4.81,No,Yes,High School,32.51,41.16
4.99,91.44,40.18,6.86,No,No,High School,34.05,31.37
2.68,86.16,50.6,3.38,No,Yes,High School,16.75,37.23
8.01,88.7,63.16,7.33,No,No,Graduate,54.4,49.24
6.75,86.19,66.4,5.68,No,No,Graduate,44.71,48.94
4.56,72.3,48.05,9.39,No,No,Graduate,30.11,42.16
5.05,85.18,100.0,5.34,Yes,Yes,High School,38.22,58.92
5.42,89.6,87.75,3.97,No,Yes,Postgraduate,36.09,49.32
0.92,89.05,74.03,5.79,No,No,High School,6.67,37.24
4.51,94.27,66.08,3.54,Yes,Yes,Postgraduate,30.53,51.3
3.64,88.5,61.82,7.63,No,Yes,High School,27.81,46.37
3.0,84.22,50.72,3.4,No,Yes,Graduate,23.6,46.04
4.44,92.84,66.16,6.54,Yes,Yes,High School,32.79,50.72
8.6,79.68,68.87,3.38,Yes,Yes,Graduate,60.78,51.82
6.28,69.42,46.37,6.02,Yes,Yes,Graduate,43.51,39.88
3.86,78.04,70.01,8.97,No,Yes,Graduate,24.62,45.25
6.15,71.06,62.67,7.04,Yes,Yes,Graduate,46.9,45.71
